{"route_1": {"0": {"Lat": 30.33879, "Lng": 76.40303, "Safety": 4}, "1": {"Lat": 30.33832, "Lng": 76.40281, "Safety": 4}, "2": {"Lat": 30.33624, "Lng": 76.40539, "Safety": 1}, "3": {"Lat": 30.33667, "Lng": 76.40421, "Safety": 4}, "4": {"Lat": 30.33546, "Lng": 76.40699, "Safety": 3}, "5": {"Lat": 30.33493, "Lng": 76.40685, "Safety": 2}, "6": {"Lat": 30.33453, "Lng": 76.40821, "Safety": 2}, "7": {"Lat": 30.33392, "Lng": 76.40872, "Safety": 4}, "8": {"Lat": 30.33307, "Lng": 76.40967, "Safety": 3}, "9": {"Lat": 30.33214, "Lng": 76.41014, "Safety": 1}, "10": {"Lat": 30.33115, "Lng": 76.41772, "Safety": 2}, "11": {"Lat": 30.33256, "Lng": 76.41802, "Safety": 4}, "12": {"Lat": 30.33296, "Lng": 76.42245, "Safety": 2}, "13": {"Lat": 30.33404, "Lng": 76.42277, "Safety": 0}, "14": {"Lat": 30.33601, "Lng": 76.42619, "Safety": 1}, "15": {"Lat": 30.33671, "Lng": 76.42708, "Safety": 0}, "16": {"Lat": 30.33731, "Lng": 76.42738, "Safety": 1}, "17": {"Lat": 30.33853, "Lng": 76.42927, "Safety": 1}, "18": {"Lat": 30.33873, "Lng": 76.43017, "Safety": 2}, "19": {"Lat": 30.33913, "Lng": 76.43059, "Safety": 0}, "20": {"Lat": 30.33914, "Lng": 76.43119, "Safety": 2}, "21": {"Lat": 30.34007, "Lng": 76.43191, "Safety": 1}, "22": {"Lat": 30.34002, "Lng": 76.43225, "Safety": 0}, "23": {"Lat": 30.34031, "Lng": 76.43214, "Safety": 2}, "24": {"Lat": 30.34091, "Lng": 76.43226, "Safety": 2}, "25": {"Lat": 30.34764, "Lng": 76.44173, "Safety": 0}, "26": {"Lat": 30.34404, "Lng": 76.43713, "Safety": 4}, "27": {"Lat": 30.34526, "Lng": 76.43724, "Safety": 3}, "28": {"Lat": 30.34536, "Lng": 76.43738, "Safety": 2}, "29": {"Lat": 30.34552, "Lng": 76.43821, "Safety": 1}, "30": {"Lat": 30.34541, "Lng": 76.43749, "Safety": 1}, "31": {"Lat": 30.34814, "Lng": 76.44295, "Safety": 2}, "32": {"Lat": 30.35244, "Lng": 76.44865, "Safety": 1}, "33": {"Lat": 30.35691, "Lng": 76.45508, "Safety": 4}}, "route_2": {"0": {"Lat": 30.34129, "Lng": 76.40136, "Safety": 4}, "1": {"Lat": 30.34036, "Lng": 76.40286, "Safety": 1}, "2": {"Lat": 30.34137, "Lng": 76.40381, "Safety": 0}, "3": {"Lat": 30.34174, "Lng": 76.40396, "Safety": 2}, "4": {"Lat": 30.34222, "Lng": 76.40472, "Safety": 2}, "5": {"Lat": 30.34388, "Lng": 76.40565, "Safety": 0}, "6": {"Lat": 30.34362, "Lng": 76.40591, "Safety": 0}, "7": {"Lat": 30.34611, "Lng": 76.40653, "Safety": 0}, "8": {"Lat": 30.35145, "Lng": 76.41255, "Safety": 0}, "9": {"Lat": 30.35115, "Lng": 76.41257, "Safety": 1}, "10": {"Lat": 30.35506, "Lng": 76.41621, "Safety": 1}, "11": {"Lat": 30.35693, "Lng": 76.41901, "Safety": 2}, "12": {"Lat": 30.35714, "Lng": 76.41986, "Safety": 3}, "13": {"Lat": 30.35968, "Lng": 76.42252, "Safety": 1}, "14": {"Lat": 30.35479, "Lng": 76.42567, "Safety": 2}, "15": {"Lat": 30.35477, "Lng": 76.42612, "Safety": 1}, "16": {"Lat": 30.35292, "Lng": 76.42759, "Safety": 4}, "17": {"Lat": 30.35292, "Lng": 76.42768, "Safety": 1}, "18": {"Lat": 30.35234, "Lng": 76.42898, "Safety": 2}, "19": {"Lat": 30.35078, "Lng": 76.42959, "Safety": 3}, "20": {"Lat": 30.35139, "Lng": 76.43044, "Safety": 3}, "21": {"Lat": 30.35245, "Lng": 76.43168, "Safety": 1}, "22": {"Lat": 30.35325, "Lng": 76.43237, "Safety": 3}, "23": {"Lat": 30.35499, "Lng": 76.43543, "Safety": 4}, "24": {"Lat": 30.35634, "Lng": 76.44283, "Safety": 0}, "25": {"Lat": 30.35854, "Lng": 76.44595, "Safety": 4}}}